,Year,Player,G,MP,FG,3P,FT,ORB,DRB,TRB,AST,STL,BLK,TOV,PF,PTS,FG%,3P%,FT%,eFG%,mvp,rel_Q4_eFG%,rel_WL_eFG%,PTS_CV,rel_closeout_PTS,Series_G,GM
0,2026,Jalen Brunson,5,196,56,14,37,6,15,21,23,10,0,19,11,163,0.421,0.389,0.86,0.474,True,0.08,-0.032,0.279,15.5,5,0
1,2026,OG Anunoby,5,180,32,16,26,1,23,24,5,7,7,3,13,106,0.525,0.5,0.867,0.656,False,0.079,-0.193,0.425,-12.75,5,0
2,2026,Karl-Anthony Towns,5,155,24,4,13,12,41,53,12,7,5,13,23,65,0.49,0.333,1.0,0.531,False,-0.281,0.164,0.563,-13.75,5,0
3,2026,Mikal Bridges,5,165,20,8,4,2,16,18,17,3,2,3,10,52,0.465,0.421,0.667,0.558,False,-0.458,0.405,0.661,4.5,5,0
4,2026,Josh Hart,5,152,13,8,4,8,41,49,23,7,2,7,17,38,0.382,0.4,0.571,0.5,False,-0.25,-0.425,0.886,6.75,5,0
5,2026,Landry Shamet,5,121,13,8,0,2,8,10,5,0,2,0,12,34,0.333,0.308,0.0,0.436,False,0.028,0.312,0.872,-2.25,5,0
6,2026,Jose Alvarado,5,60,8,3,2,2,11,13,7,1,0,2,11,21,0.333,0.25,0.667,0.396,False,0.175,-0.005,0.797,-5.25,5,0
7,2026,Mitchell Robinson,5,67,7,0,4,15,13,28,3,1,3,2,6,18,0.5,0.0,0.267,0.5,False,0.0,-0.212,0.639,-2.0,5,0
8,2025,Shai Gilgeous-Alexander,7,267,70,8,64,2,30,32,39,13,11,24,22,212,0.443,0.242,0.914,0.468,True,-0.074,-0.04,0.201,-1.5,7,0
9,2025,Jalen Williams,7,243,55,8,47,7,28,35,26,6,0,15,23,165,0.433,0.267,0.81,0.465,False,-0.053,0.041,0.356,-4.167,7,0
10,2025,Chet Holmgren,7,212,30,3,23,14,48,62,4,4,11,10,15,86,0.395,0.158,0.852,0.414,False,-0.05,0.197,0.494,6.667,7,0
11,2025,Alex Caruso,7,202,23,10,15,9,16,25,11,17,6,8,21,71,0.434,0.4,0.833,0.528,False,0.172,0.133,0.773,-0.167,7,0
12,2025,Luguentz Dort,7,220,19,17,2,11,21,32,5,11,3,3,25,57,0.422,0.447,0.5,0.611,False,-0.182,-0.084,0.551,1.0,7,0
13,2025,Cason Wallace,7,156,18,5,1,5,13,18,5,12,4,4,18,42,0.474,0.313,0.5,0.539,False,0.017,0.286,0.601,4.667,7,0
14,2025,Aaron Wiggins,7,100,12,10,7,2,12,14,5,4,2,8,8,41,0.364,0.455,0.7,0.515,False,-0.065,0.268,1.237,-6.833,7,0
15,2025,Isaiah Hartenstein,7,134,14,0,11,19,28,47,16,6,2,7,11,39,0.609,0.0,0.688,0.609,False,-0.18,-0.122,0.557,1.667,7,0
16,2024,Jayson Tatum,5,201,38,10,25,4,35,39,36,5,3,16,11,111,0.388,0.263,0.926,0.439,False,-0.127,-0.012,0.365,11.0,5,0
17,2024,Jaylen Brown,5,193,37,8,22,4,23,27,25,8,4,14,16,104,0.44,0.235,0.733,0.488,True,0.043,0.229,0.342,0.25,5,0
18,2024,Jrue Holiday,5,189,30,8,4,13,24,37,19,3,3,7,14,72,0.536,0.421,1.0,0.607,False,-0.036,0.13,0.478,0.75,5,0
19,2024,Derrick White,5,184,21,17,10,7,17,24,13,6,5,6,11,69,0.389,0.395,1.0,0.546,False,0.318,0.201,0.334,0.25,5,0
20,2024,Sam Hauser,5,78,14,11,2,5,10,15,3,1,0,0,7,41,0.519,0.478,1.0,0.722,False,-0.222,-0.375,0.52,-0.25,5,0
21,2024,Kristaps Porzingis,3,60,14,2,7,0,11,11,1,0,5,1,5,37,0.583,0.222,0.875,0.625,False,-0.375,0.0,0.609,-11.0,5,2
22,2024,Al Horford,5,150,13,8,1,5,26,31,13,6,3,3,9,35,0.52,0.471,0.5,0.68,False,-0.347,-0.854,0.416,2.5,5,0
23,2024,Payton Pritchard,5,62,7,3,0,2,5,7,8,1,0,3,6,17,0.25,0.188,0.0,0.304,False,0.017,-0.179,1.325,-0.5,5,0
24,2023,Nikola Jokic,5,206,56,8,31,9,61,70,36,4,7,17,17,151,0.583,0.421,0.838,0.625,True,-0.025,0.025,0.226,-2.75,5,0
25,2023,Jamal Murray,5,211,41,12,13,5,26,31,50,5,0,17,9,107,0.451,0.387,0.929,0.516,False,-0.036,-0.06,0.396,-9.25,5,0
26,2023,Aaron Gordon,5,178,29,5,7,9,28,37,15,4,3,3,14,70,0.604,0.556,0.467,0.656,False,-0.156,-0.235,0.604,-12.5,5,0
27,2023,Bruce Brown,5,134,21,7,8,5,17,22,5,5,4,8,7,57,0.457,0.368,0.727,0.533,False,0.058,0.041,0.514,-1.75,5,0
28,2023,Michael Porter Jr.,5,147,19,4,6,7,35,42,4,0,2,2,6,48,0.328,0.143,0.75,0.362,False,-0.362,0.058,0.619,8.0,5,0
29,2023,Kentavious Caldwell-Pope,5,171,11,5,10,4,13,17,7,7,6,4,13,37,0.355,0.263,0.769,0.435,False,0.232,0.069,0.28,4.5,5,0
30,2023,Christian Braun,5,82,12,0,5,4,6,10,6,5,2,3,6,29,0.706,0.0,0.556,0.706,False,-0.039,-0.357,1.03,1.5,5,0
31,2023,Jeff Green,5,65,8,2,6,1,1,2,3,1,0,2,6,24,0.889,1.0,1.0,1.0,False,0.25,-0.562,0.497,-1.0,5,0
32,2022,Stephen Curry,6,225,66,31,24,2,34,36,30,12,1,15,18,187,0.482,0.437,0.857,0.595,True,-0.133,-0.082,0.284,3.4,6,0
33,2022,Andrew Wiggins,6,235,45,11,9,12,41,53,13,9,9,11,13,110,0.446,0.297,0.692,0.5,False,0.194,-0.046,0.264,-0.4,6,0
34,2022,Klay Thompson,6,230,36,20,10,2,16,18,12,8,3,7,13,102,0.356,0.351,1.0,0.455,False,0.022,-0.134,0.318,-6.0,6,0
35,2022,Jordan Poole,6,125,27,15,10,1,10,11,11,3,1,12,12,79,0.435,0.385,0.909,0.556,False,-0.101,0.118,0.232,2.2,6,0
36,2022,Draymond Green,6,217,14,2,7,14,34,48,37,10,4,15,25,37,0.333,0.125,0.583,0.357,False,0.143,0.274,0.668,7.0,6,0
37,2022,Gary Payton II,5,93,13,2,7,4,12,16,7,8,2,2,13,35,0.591,0.286,0.7,0.636,False,0.364,0.7,0.693,-1.25,6,1
38,2022,Otto Porter Jr.,6,102,10,9,2,2,10,12,6,6,1,2,5,31,0.588,0.563,1.0,0.853,False,0.0,-0.514,0.739,1.0,6,0
39,2022,Kevon Looney,6,130,14,0,2,21,24,45,16,4,5,10,17,30,0.636,0.0,1.0,0.636,False,0.031,0.214,0.829,-6.0,6,0
40,2021,Giannis Antetokounmpo,6,239,76,3,56,24,55,79,30,7,11,14,18,211,0.618,0.2,0.659,0.63,True,0.047,-0.05,0.318,17.8,6,0
41,2021,Khris Middleton,6,255,56,16,16,2,36,38,32,9,0,19,14,144,0.448,0.356,0.889,0.512,False,0.021,0.054,0.441,-8.4,6,0
42,2021,Jrue Holiday,6,250,39,11,11,7,30,37,56,13,4,13,11,100,0.361,0.314,0.917,0.412,False,-0.042,0.123,0.384,-5.6,6,0
43,2021,Brook Lopez,6,147,28,5,8,11,21,32,1,4,4,6,13,69,0.483,0.238,0.8,0.526,False,0.724,0.008,0.295,-1.8,6,0
44,2021,Pat Connaughton,6,180,19,15,2,10,25,35,7,1,0,5,14,55,0.475,0.441,0.5,0.662,False,-0.029,-0.042,0.571,-11.0,6,0
45,2021,Bobby Portis,6,100,17,7,5,10,14,24,1,4,2,1,9,46,0.425,0.438,1.0,0.512,False,-0.212,0.015,0.698,10.0,6,0
46,2021,P.J. Tucker,6,188,10,4,0,12,11,23,7,6,0,3,21,24,0.5,0.5,0.0,0.6,False,-0.267,-0.08,0.866,-4.8,6,0
47,2021,Bryn Forbes,3,22,3,3,0,0,1,1,0,1,0,1,2,9,0.3,0.333,0.0,0.45,False,0.15,-0.562,1.0,0.0,6,3
48,2020,LeBron James,6,236,68,15,28,12,59,71,51,7,3,21,13,179,0.591,0.417,0.667,0.657,True,-0.107,-0.128,0.194,-2.2,6,0
49,2020,Anthony Davis,6,229,56,8,30,20,44,64,19,8,12,16,18,150,0.571,0.421,0.938,0.612,False,-0.268,-0.1,0.301,-7.2,6,0
50,2020,Kentavious Caldwell-Pope,6,188,26,13,12,4,13,17,12,6,1,4,15,77,0.377,0.302,0.857,0.471,False,-0.007,0.03,0.343,5.0,6,0
51,2020,Rajon Rondo,6,156,19,7,7,6,25,31,33,6,0,10,11,52,0.388,0.333,0.875,0.459,False,-0.277,0.374,0.818,12.4,6,0
52,2020,Kyle Kuzma,6,130,17,9,8,6,11,17,3,1,1,7,14,51,0.354,0.31,0.8,0.448,False,-0.115,-0.058,0.728,-7.8,6,0
53,2020,Danny Green,6,137,16,11,2,4,13,17,7,6,5,5,11,45,0.327,0.289,1.0,0.439,False,-0.166,0.214,0.538,4.2,6,0
54,2020,Markieff Morris,6,128,14,12,5,5,15,20,7,0,0,6,15,45,0.368,0.4,0.833,0.526,False,0.182,-0.067,0.871,-5.4,6,0
55,2020,Alex Caruso,6,149,13,6,6,7,8,15,14,5,1,8,11,38,0.433,0.375,0.75,0.533,False,-0.39,0.136,0.408,-2.8,6,0
56,2019,Kawhi Leonard,6,243,49,15,58,16,43,59,25,12,7,18,15,171,0.434,0.357,0.906,0.5,True,-0.019,0.111,0.203,-7.8,6,0
57,2019,Pascal Siakam,6,241,49,5,16,12,33,45,22,3,4,9,11,119,0.505,0.238,0.762,0.531,False,0.08,0.3,0.399,7.4,6,0
58,2019,Kyle Lowry,6,229,34,14,15,3,21,24,43,10,3,15,27,97,0.425,0.368,0.789,0.512,False,0.038,-0.01,0.462,11.8,6,0
59,2019,Fred VanVleet,6,195,28,16,12,4,12,16,13,7,0,6,13,84,0.444,0.4,0.857,0.571,False,0.012,0.082,0.361,9.6,6,0
60,2019,Marc Gasol,6,173,21,6,24,5,39,44,16,3,2,7,25,72,0.447,0.316,0.923,0.511,False,0.189,-0.038,0.577,-10.8,6,0
61,2019,Serge Ibaka,6,116,28,2,10,11,20,31,6,5,10,8,23,68,0.56,0.333,0.769,0.58,False,-0.027,0.019,0.543,4.4,6,0
62,2019,Danny Green,6,163,16,12,0,7,14,21,7,7,3,8,15,44,0.39,0.364,0.0,0.537,False,-0.037,0.164,0.887,-8.8,6,0
63,2019,Norman Powell,6,66,4,1,2,0,6,6,4,2,0,2,4,11,0.308,0.167,1.0,0.346,False,-0.013,-0.5,1.48,-2.2,6,0
64,2018,Kevin Durant,4,165,40,9,26,2,41,43,30,3,9,9,12,115,0.526,0.409,0.963,0.586,True,-0.086,0.0,0.345,-11.667,4,0
65,2018,Stephen Curry,4,162,37,22,14,3,21,24,27,6,3,11,11,110,0.402,0.415,1.0,0.522,False,0.099,0.0,0.417,12.667,4,0
66,2018,Klay Thompson,4,148,24,12,4,0,15,15,4,2,1,5,12,64,0.48,0.429,0.8,0.6,False,-0.267,0.0,0.445,-8.0,4,0
67,2018,Draymond Green,4,165,15,3,4,4,20,24,34,8,6,5,18,37,0.517,0.214,0.8,0.569,False,0.181,0.0,0.357,-0.333,4,0
68,2018,JaVale McGee,4,55,16,0,0,4,5,9,0,0,5,1,6,32,0.8,0.0,0.0,0.8,False,0.0,0.0,0.456,-2.667,4,0
69,2018,Shaun Livingston,4,65,13,0,4,1,10,11,6,1,0,1,7,30,0.867,0.0,1.0,0.867,False,0.133,0.0,0.505,-7.333,4,0
70,2018,Jordan Bell,4,54,10,0,3,4,9,13,4,1,2,0,4,23,0.714,0.0,0.5,0.714,False,0.286,0.0,0.5,-2.333,4,0
71,2018,Andre Iguodala,2,45,7,3,2,1,3,4,1,3,2,1,6,19,0.583,0.5,1.0,0.708,False,0.292,0.0,0.223,3.0,4,2
72,2017,Kevin Durant,5,199,60,18,38,7,34,41,27,5,8,11,13,176,0.556,0.474,0.927,0.639,True,0.111,0.231,0.095,4.75,5,0
73,2017,Stephen Curry,5,189,40,19,35,11,29,40,47,11,0,19,14,134,0.44,0.388,0.897,0.544,False,0.012,0.186,0.292,9.0,5,0
74,2017,Klay Thompson,5,183,30,17,5,4,20,24,11,2,1,4,16,82,0.429,0.425,0.714,0.55,False,0.017,0.006,0.583,-6.75,5,0
75,2017,Draymond Green,5,177,19,7,10,10,41,51,24,8,3,12,22,55,0.345,0.28,0.667,0.409,False,-0.159,0.004,0.287,-1.25,5,0
76,2017,Andre Iguodala,5,141,18,5,2,4,13,17,17,6,5,5,10,43,0.529,0.333,0.333,0.603,False,-0.194,0.117,0.756,14.25,5,0
77,2017,Shaun Livingston,5,75,15,0,3,2,3,5,6,1,0,1,10,33,0.536,0.0,1.0,0.536,False,-0.536,-0.238,0.52,-2.0,5,0
78,2017,David West,5,50,10,0,1,2,8,10,3,0,3,2,7,21,0.588,0.0,0.5,0.588,False,0.079,-0.212,0.543,-0.25,5,0
79,2017,Ian Clark,4,44,7,3,2,0,4,4,3,1,0,2,4,19,0.438,0.273,1.0,0.531,False,-0.031,-0.125,0.866,0.0,5,1
80,2016,LeBron James,7,292,82,13,31,17,62,79,62,18,16,31,16,208,0.494,0.371,0.721,0.533,True,0.001,0.064,0.291,-3.167,7,0
81,2016,Kyrie Irving,7,273,72,15,31,8,19,27,27,15,5,18,18,190,0.468,0.405,0.939,0.516,False,-0.138,0.148,0.356,-1.333,7,0
82,2016,J.R. Smith,7,261,26,16,6,2,17,19,11,10,2,5,27,74,0.4,0.356,0.667,0.523,False,0.477,0.144,0.535,1.667,7,0
83,2016,Tristan Thompson,7,226,28,0,16,27,44,71,5,2,6,3,21,72,0.636,0.0,0.533,0.636,False,0.031,0.333,0.311,-1.5,7,0
84,2016,Kevin Love,6,158,17,5,12,8,33,41,8,4,2,9,12,51,0.362,0.263,0.706,0.415,False,-0.082,-0.143,0.612,0.6,7,1
85,2016,Richard Jefferson,7,168,16,1,7,12,25,37,3,9,1,8,16,40,0.516,0.167,0.636,0.532,False,-0.199,-0.02,0.683,-4.333,7,0
86,2016,Iman Shumpert,7,128,7,4,3,3,8,11,1,1,2,7,10,21,0.304,0.267,1.0,0.391,False,0.109,-0.087,0.609,3.5,7,0
87,2016,Matthew Dellavedova,6,46,5,1,5,2,1,3,6,0,0,3,7,16,0.263,0.167,0.833,0.289,False,0.086,0.064,0.877,0.0,7,1
88,2015,Stephen Curry,6,255,54,25,23,5,26,31,38,11,1,28,13,156,0.443,0.385,0.885,0.545,False,0.166,0.142,0.236,-1.2,6,0
89,2015,Andre Iguodala,6,222,37,14,10,6,29,35,24,8,2,6,18,98,0.521,0.4,0.357,0.62,True,0.241,0.002,0.39,10.4,6,0
90,2015,Klay Thompson,6,227,36,12,11,2,24,26,10,3,6,5,20,95,0.409,0.3,0.917,0.477,False,0.076,-0.091,0.656,-13.0,6,0
91,2015,Draymond Green,6,222,24,5,25,8,42,50,30,13,7,13,28,78,0.381,0.263,0.735,0.421,False,-0.135,0.213,0.308,3.6,6,0
92,2015,Harrison Barnes,6,198,19,8,7,18,17,35,5,5,3,4,17,53,0.373,0.421,0.778,0.451,False,0.263,0.267,0.543,0.2,6,0
93,2015,Leandro Barbosa,6,64,12,3,4,2,8,10,3,3,1,4,7,31,0.462,0.429,1.0,0.519,False,-0.319,0.029,0.788,-0.2,6,0
94,2015,Shaun Livingston,6,120,12,0,6,5,16,21,13,2,2,6,11,30,0.48,0.0,0.75,0.48,False,0.02,-0.026,0.593,6.0,6,0
95,2015,Festus Ezeli,5,50,7,0,8,7,10,17,2,0,3,4,9,22,0.467,0.0,0.727,0.467,False,0.0,0.196,0.859,7.0,6,1
96,2014,Tony Parker,5,176,35,5,15,0,2,2,23,4,0,10,9,90,0.479,0.417,0.75,0.514,False,0.319,-0.109,0.136,-2.5,5,0
97,2014,Kawhi Leonard,5,167,30,11,18,8,24,32,10,8,6,9,22,89,0.612,0.579,0.783,0.724,True,0.276,0.343,0.489,5.25,5,0
98,2014,Tim Duncan,5,165,29,0,19,13,37,50,10,2,4,12,12,77,0.569,0.0,0.679,0.569,False,0.002,0.095,0.274,-1.75,5,0
99,2014,Manu Ginóbili,5,143,24,10,14,0,15,15,22,5,1,12,16,72,0.5,0.417,0.875,0.604,False,-0.104,0.103,0.366,5.75,5,0
100,2014,Patty Mills,5,76,19,13,0,1,6,7,8,2,0,1,5,51,0.543,0.565,0.0,0.729,False,-0.229,0.197,0.497,8.5,5,0
101,2014,Danny Green,5,106,17,9,3,2,8,10,6,10,2,6,14,46,0.531,0.45,0.75,0.672,False,0.217,-0.152,0.626,-11.5,5,0
102,2014,Boris Diaw,5,176,12,3,4,9,34,43,29,4,1,8,5,31,0.364,0.333,0.5,0.409,False,-0.009,0.028,0.448,-1.5,5,0
103,2014,Tiago Splitter,5,84,12,0,7,3,14,17,10,3,3,6,9,31,0.706,0.0,0.778,0.706,False,0.294,0.453,0.76,-4.0,5,0
104,2013,LeBron James,7,301,67,12,31,17,59,76,49,16,6,18,10,177,0.447,0.353,0.795,0.487,True,0.116,0.131,0.35,13.667,7,0
105,2013,Dwyane Wade,7,255,60,0,17,9,19,28,32,13,9,16,10,137,0.476,0.0,0.773,0.476,False,-0.106,0.024,0.383,4.0,7,0
106,2013,Chris Bosh,7,240,36,0,11,20,42,62,15,13,11,7,19,83,0.462,0.0,0.733,0.462,False,-0.045,0.004,0.521,-13.833,7,0
107,2013,Ray Allen,7,193,25,12,12,2,14,16,11,1,0,9,18,74,0.543,0.545,0.923,0.674,False,0.15,-0.452,0.657,-12.333,7,0
108,2013,Mario Chalmers,7,221,26,13,9,1,18,19,15,5,0,18,18,74,0.388,0.406,0.692,0.485,False,-0.047,0.327,0.695,4.0,7,0
109,2013,Shane Battier,7,87,12,12,3,2,9,11,6,1,2,0,10,39,0.444,0.444,1.0,0.667,False,-0.167,0.665,1.158,14.5,7,0
110,2013,Mike Miller,7,152,13,11,0,2,17,19,6,4,2,2,17,37,0.591,0.611,0.0,0.841,False,0.159,-0.457,1.091,-6.167,7,0
111,2013,Chris Andersen,5,71,8,0,6,6,9,15,0,4,3,4,16,22,0.727,0.0,0.6,0.727,False,-0.06,0.133,0.781,-1.75,7,2
112,2012,LeBron James,5,220,51,3,38,15,36,51,37,8,2,19,10,143,0.472,0.188,0.826,0.486,True,-0.121,0.009,0.091,-3.25,5,0
113,2012,Dwyane Wade,5,203,40,2,31,6,24,30,26,7,6,14,15,113,0.435,0.4,0.775,0.446,False,0.054,0.098,0.127,-3.25,5,0
114,2012,Chris Bosh,5,183,28,2,15,15,32,47,1,3,6,5,9,73,0.452,0.4,0.882,0.468,False,-0.135,0.071,0.398,11.75,5,0
115,2012,Shane Battier,5,187,19,15,5,2,15,17,2,4,0,1,17,58,0.613,0.577,0.714,0.855,False,-0.105,-0.048,0.478,-0.75,5,0
116,2012,Mario Chalmers,5,183,19,8,6,1,12,13,20,9,2,10,14,52,0.442,0.348,0.857,0.535,False,0.115,-0.385,0.888,-0.5,5,0
117,2012,Mike Miller,5,44,9,7,6,1,8,9,2,1,1,0,9,31,0.563,0.636,1.0,0.781,False,0.219,0.321,1.532,21.0,5,0
118,2012,Norris Cole,4,44,5,3,0,0,4,4,0,0,0,1,8,13,0.333,0.429,0.0,0.433,False,0.0,0.0,1.047,-0.333,5,1
119,2012,Udonis Haslem,5,81,4,0,5,8,14,22,2,0,2,5,11,13,0.4,0.0,0.833,0.4,False,0.6,0.167,0.926,-2.0,5,0
120,2011,Dirk Nowitzki,6,242,52,7,45,2,56,58,12,4,4,17,15,156,0.416,0.368,0.978,0.444,True,0.099,-0.1,0.195,-6.0,6,0
121,2011,Jason Terry,6,195,38,11,21,3,9,12,19,8,0,8,10,108,0.494,0.393,0.75,0.565,False,-0.142,0.185,0.294,10.8,6,0
122,2011,Shawn Marion,6,215,34,0,14,14,24,38,14,5,4,14,13,82,0.479,0.0,0.824,0.479,False,-0.05,0.094,0.326,-2.0,6,0
123,2011,Tyson Chandler,6,224,19,0,20,24,29,53,4,7,7,3,24,58,0.594,0.0,0.625,0.594,False,-0.094,0.125,0.407,-5.6,6,0
124,2011,J.J. Barea,6,128,21,6,5,4,9,13,19,3,0,9,10,53,0.382,0.333,0.714,0.436,False,0.005,0.307,0.669,7.4,6,0
125,2011,Jason Kidd,6,225,14,12,6,2,25,27,38,7,5,21,6,46,0.389,0.429,0.75,0.556,False,0.087,0.044,0.57,1.6,6,0
126,2011,DeShawn Stevenson,6,103,13,13,3,1,8,9,2,4,1,1,9,42,0.542,0.565,0.75,0.812,False,-0.598,-0.375,0.452,2.4,6,0
127,2011,Ian Mahinmi,3,27,3,0,3,3,2,5,0,1,0,0,13,9,0.6,0.0,0.6,0.6,False,0.0,0.75,0.333,1.5,6,3
128,2010,Kobe Bryant,7,288,66,15,53,12,44,56,27,15,5,27,27,200,0.405,0.319,0.883,0.451,True,-0.122,-0.148,0.205,-6.5,7,0
129,2010,Pau Gasol,7,293,43,0,44,35,46,81,26,5,18,13,21,130,0.478,0.0,0.721,0.478,False,0.11,-0.059,0.264,0.5,7,0
130,2010,Metta World Peace,7,251,26,11,11,12,20,32,9,10,4,11,24,74,0.361,0.344,0.55,0.438,False,-0.021,0.242,0.595,11.0,7,0
131,2010,Derek Fisher,7,214,21,2,16,3,18,21,14,6,0,9,25,60,0.42,0.2,0.941,0.44,False,0.029,0.252,0.456,1.667,7,0
132,2010,Lamar Odom,7,192,23,1,6,10,36,46,9,4,4,10,23,53,0.489,0.1,0.545,0.5,False,0.0,-0.044,0.395,-0.667,7,0
133,2010,Andrew Bynum,7,175,19,0,14,16,20,36,0,1,9,6,17,52,0.452,0.0,0.7,0.452,False,0.215,-0.181,0.926,-6.333,7,0
134,2010,Shannon Brown,7,84,9,0,3,0,6,6,3,0,1,0,5,21,0.45,0.0,1.0,0.45,False,-0.45,0.252,0.793,-3.5,7,0
135,2010,Jordan Farmar,7,88,9,2,1,1,7,8,6,8,0,8,5,21,0.321,0.2,0.5,0.357,False,0.06,-0.052,0.77,-3.5,7,0
136,2009,Kobe Bryant,5,219,58,9,37,3,25,28,37,7,7,16,13,162,0.43,0.36,0.841,0.463,True,-0.145,-0.07,0.136,-3.0,5,0
137,2009,Pau Gasol,5,212,36,0,21,10,36,46,11,4,9,5,15,93,0.6,0.0,0.778,0.6,False,-0.012,-0.267,0.245,-5.75,5,0
138,2009,Lamar Odom,5,169,26,4,11,10,29,39,4,5,5,9,21,67,0.542,0.5,0.688,0.583,False,0.06,-0.096,0.324,4.5,5,0
139,2009,Trevor Ariza,5,188,20,10,5,9,21,30,8,9,1,5,16,55,0.357,0.417,0.5,0.446,False,-0.046,-0.02,0.494,5.0,5,0
140,2009,Derek Fisher,5,179,21,7,6,3,12,15,9,6,0,3,16,55,0.5,0.438,1.0,0.583,False,0.131,0.106,0.17,2.5,5,0
141,2009,Andrew Bynum,5,95,12,0,6,10,11,21,3,2,3,3,21,30,0.364,0.0,0.667,0.364,False,-0.364,0.037,0.312,0.0,5,0
142,2009,Luke Walton,5,76,8,0,3,3,7,10,5,1,0,2,9,19,0.8,0.0,0.5,0.8,False,0.2,-0.222,0.956,-2.25,5,0
143,2009,Jordan Farmar,5,57,7,1,2,2,4,6,2,2,0,3,4,17,0.368,0.125,1.0,0.395,False,0.105,-0.519,1.341,-1.75,5,0
144,2008,Paul Pierce,6,233,38,11,44,3,24,27,38,7,2,22,24,131,0.432,0.393,0.83,0.494,True,-0.088,0.226,0.492,-5.8,6,0
145,2008,Ray Allen,6,246,37,22,26,8,22,30,15,8,4,11,16,122,0.507,0.524,0.867,0.658,False,0.163,0.066,0.206,6.8,6,0
146,2008,Kevin Garnett,6,228,45,0,19,22,56,78,18,10,6,16,16,109,0.429,0.0,0.76,0.429,False,-0.022,0.077,0.306,9.4,6,0
147,2008,Rajon Rondo,6,162,20,0,16,7,16,23,40,9,3,9,13,56,0.377,0.0,0.593,0.377,False,-0.002,0.062,0.769,14.0,6,0
148,2008,James Posey,6,151,14,12,12,3,20,23,3,8,1,5,16,52,0.5,0.5,1.0,0.714,False,0.397,0.139,0.647,2.8,6,0
149,2008,Leon Powe,6,53,11,0,15,7,12,19,0,0,0,2,13,37,0.55,0.0,0.714,0.55,False,0.006,0.647,1.262,2.2,6,0
150,2008,Eddie House,4,74,10,7,5,0,10,10,10,1,0,2,4,32,0.357,0.412,0.833,0.482,False,-0.174,0.038,0.306,1.333,6,2
151,2008,P.J. Brown,6,117,9,0,6,5,14,19,4,3,3,2,19,24,0.391,0.0,0.75,0.391,False,-0.391,0.096,0.418,2.4,6,0
152,2007,Tony Parker,4,151,42,4,10,3,17,20,13,3,0,12,5,98,0.568,0.571,0.526,0.595,True,-0.126,0.0,0.227,-0.667,4,0
153,2007,Tim Duncan,4,149,29,0,15,16,30,46,15,5,9,11,13,73,0.446,0.0,0.625,0.446,False,-0.078,0.0,0.336,-8.333,4,0
154,2007,Manu Ginóbili,4,117,18,10,25,1,22,23,10,5,0,9,15,71,0.367,0.435,0.833,0.469,False,0.031,0.0,0.616,12.333,4,0
155,2007,Bruce Bowen,4,167,8,7,1,3,19,22,5,2,1,3,7,24,0.296,0.389,0.25,0.426,False,-0.426,0.0,0.828,-5.333,4,0
156,2007,Fabricio Oberto,4,83,8,0,1,7,10,17,2,1,0,4,11,17,0.471,0.0,0.333,0.471,False,0.029,0.0,0.728,3.667,4,0
157,2007,Francisco Elson,4,46,6,0,4,6,4,10,0,1,0,3,5,16,1.0,0.0,0.8,1.0,False,0.0,0.0,0.54,0.0,4,0
158,2007,Michael Finley,4,74,6,1,2,1,7,8,3,5,0,2,4,15,0.261,0.083,0.667,0.283,False,0.467,0.0,0.63,0.333,4,0
159,2007,Brent Barry,4,42,4,4,0,1,5,6,2,1,0,3,3,12,0.364,0.4,0.0,0.545,False,-0.295,0.0,1.414,-4.0,4,0
160,2006,Dwyane Wade,6,261,65,3,75,12,35,47,23,16,6,22,22,208,0.468,0.273,0.773,0.478,True,0.008,0.135,0.226,1.6,6,0
161,2006,Antoine Walker,6,219,34,10,5,4,29,33,13,4,3,12,17,83,0.391,0.27,0.556,0.448,False,-0.048,-0.135,0.343,0.2,6,0
162,2006,Shaquille O'Neal,6,211,34,0,14,15,46,61,17,3,5,19,22,82,0.607,0.0,0.292,0.607,False,-0.051,-0.025,0.392,-5.6,6,0
163,2006,Jason Williams,6,188,18,10,7,0,11,11,28,3,0,8,9,53,0.36,0.345,0.636,0.46,False,-0.21,0.014,0.414,-7.0,6,0
164,2006,James Posey,6,177,13,8,10,6,30,36,2,6,0,7,22,44,0.419,0.4,0.769,0.548,False,-0.048,0.147,0.632,-1.6,6,0
165,2006,Udonis Haslem,6,175,18,0,3,17,20,37,2,7,0,14,25,39,0.5,0.0,0.3,0.5,False,0.0,0.0,0.869,12.6,6,0
166,2006,Alonzo Mourning,6,66,9,0,8,4,15,19,0,2,9,4,14,26,0.692,0.0,0.667,0.692,False,-0.192,-0.175,0.997,4.4,6,0
167,2006,Gary Payton,6,134,7,1,1,3,9,12,12,6,0,6,14,16,0.368,0.143,0.333,0.395,False,0.188,0.466,1.025,-0.8,6,0
168,2005,Tim Duncan,7,285,54,0,36,33,66,99,15,3,15,17,16,144,0.419,0.0,0.667,0.419,True,-0.04,0.043,0.228,5.167,7,0
169,2005,Manu Ginóbili,7,252,42,12,35,8,33,41,28,9,1,23,23,131,0.494,0.387,0.854,0.565,False,-0.046,0.154,0.403,5.0,7,0
170,2005,Tony Parker,7,265,44,2,7,2,15,17,24,2,1,22,24,97,0.458,0.143,0.438,0.469,False,0.073,-0.037,0.287,-6.833,7,0
171,2005,Robert Horry,7,204,24,15,11,13,21,34,15,7,5,8,15,74,0.444,0.484,0.733,0.583,False,0.292,0.169,0.548,5.167,7,0
172,2005,Bruce Bowen,7,271,19,13,4,1,18,19,14,4,5,11,26,55,0.38,0.448,0.667,0.51,False,0.04,-0.111,0.655,-3.333,7,0
173,2005,Nazr Mohammed,7,158,13,0,8,20,22,42,0,2,6,5,15,34,0.433,0.0,0.727,0.433,False,-0.233,0.086,0.623,-5.667,7,0
174,2005,Brent Barry,7,142,11,6,4,3,12,15,11,4,2,8,15,32,0.407,0.375,0.8,0.519,False,-0.186,-0.188,0.969,0.5,7,0
175,2005,Beno Udrih,5,46,4,2,2,2,3,5,4,1,0,8,3,12,0.364,0.5,1.0,0.455,False,-0.455,0.268,1.401,0.0,7,2
176,2004,Richard Hamilton,5,224,37,4,29,12,14,26,20,4,0,23,9,107,0.402,0.4,0.853,0.424,False,0.057,-0.022,0.347,-0.5,5,0
177,2004,Chauncey Billups,5,194,29,8,39,3,13,16,26,6,0,13,8,105,0.509,0.471,0.929,0.579,True,-0.124,0.152,0.231,-8.75,5,0
178,2004,Rasheed Wallace,5,153,24,3,14,7,32,39,7,2,8,4,19,65,0.453,0.25,0.778,0.481,False,0.134,0.169,0.641,-2.5,5,0
179,2004,Ben Wallace,5,205,22,0,10,19,49,68,7,9,5,6,15,54,0.478,0.0,0.294,0.478,False,0.214,0.031,0.411,9.0,5,0
180,2004,Tayshaun Prince,5,198,21,3,5,15,19,34,10,9,2,2,9,50,0.389,0.188,0.455,0.417,False,-0.139,0.0,0.48,8.75,5,0
181,2004,Corliss Williamson,5,53,6,0,9,4,8,12,1,0,0,4,7,21,0.4,0.0,0.9,0.4,False,-0.4,-0.115,0.722,2.25,5,0
182,2004,Lindsey Hunter,5,64,5,2,6,1,6,7,4,3,2,1,11,18,0.294,0.25,1.0,0.353,False,0.272,-0.356,0.421,-2.0,5,0
183,2004,Elden Campbell,5,68,6,0,5,6,7,13,8,5,3,3,13,17,0.375,0.0,0.5,0.375,False,-0.042,-0.143,0.708,0.75,5,0
184,2003,Tim Duncan,6,264,54,0,37,23,79,102,32,6,32,23,16,145,0.495,0.0,0.685,0.495,True,-0.066,0.108,0.213,-3.8,6,0
185,2003,Tony Parker,6,212,32,6,14,2,17,19,25,2,1,11,9,84,0.386,0.429,0.609,0.422,False,0.033,0.118,0.653,-12.0,6,0
186,2003,David Robinson,6,160,22,0,21,15,29,44,4,7,11,3,18,65,0.611,0.0,0.7,0.611,False,-0.011,-0.036,0.311,2.6,6,0
187,2003,Stephen Jackson,6,213,23,10,6,4,21,25,16,7,2,26,16,62,0.377,0.357,0.5,0.459,False,0.255,-0.06,0.525,8.0,6,0
188,2003,Manu Ginóbili,6,171,16,3,17,9,18,27,12,13,3,10,18,52,0.348,0.214,0.81,0.38,False,-0.056,0.105,0.34,2.8,6,0
189,2003,Malik Rose,6,127,19,0,8,10,13,23,4,3,3,11,14,46,0.442,0.0,1.0,0.442,False,0.327,0.302,0.653,-3.2,6,0
190,2003,Speedy Claxton,6,76,14,0,9,1,5,6,9,4,4,4,10,37,0.56,0.0,0.75,0.56,False,-0.06,-0.096,0.706,8.2,6,0
191,2003,Bruce Bowen,6,172,7,4,2,2,17,19,5,4,2,4,14,20,0.233,0.286,1.0,0.3,False,0.033,-0.101,0.648,-1.6,6,0
192,2002,Shaquille O'Neal,4,166,50,0,45,13,36,49,15,2,11,14,7,145,0.595,0.0,0.662,0.595,True,-0.166,0.0,0.073,-3.0,4,0
193,2002,Kobe Bryant,4,174,36,6,29,3,20,23,21,6,3,15,11,107,0.514,0.545,0.806,0.557,False,0.154,0.0,0.235,-2.333,4,0
194,2002,Derek Fisher,4,132,17,8,9,2,12,14,15,1,0,7,10,51,0.515,0.667,0.643,0.636,False,0.364,0.0,0.039,0.333,4,0
195,2002,Rick Fox,4,146,12,5,10,6,19,25,14,6,2,11,14,39,0.522,0.455,0.833,0.63,False,-0.13,0.0,0.318,-2.333,4,0
196,2002,Robert Horry,4,158,11,5,5,6,23,29,17,11,7,6,13,32,0.458,0.455,0.833,0.562,False,0.009,0.0,0.395,5.333,4,0
197,2002,Devean George,4,72,10,3,3,5,14,19,0,1,2,2,7,26,0.435,0.6,1.0,0.5,False,0.111,0.0,0.51,6.0,4,0
198,2002,Brian Shaw,4,65,6,2,0,3,4,7,10,1,2,2,4,14,0.286,0.222,0.0,0.333,False,-0.222,0.0,0.756,3.333,4,0
199,2002,Samaki Walker,4,24,1,0,2,3,5,8,0,0,1,3,5,4,0.25,0.0,1.0,0.25,False,0.0,0.0,1.155,1.333,4,0
200,2001,Shaquille O'Neal,5,225,63,0,39,31,48,79,24,2,17,20,20,165,0.573,0.0,0.513,0.573,True,-0.123,-0.046,0.199,-5.0,5,0
201,2001,Kobe Bryant,5,234,44,3,32,5,34,39,29,7,7,18,15,123,0.415,0.333,0.842,0.429,False,-0.017,0.14,0.302,1.75,5,0
202,2001,Derek Fisher,5,156,17,10,5,1,5,6,10,8,1,6,20,49,0.436,0.526,0.833,0.564,False,0.103,0.629,0.701,10.25,5,0
203,2001,Rick Fox,5,165,15,7,12,3,20,23,19,6,2,14,14,49,0.441,0.467,0.923,0.544,False,0.156,-0.253,0.939,12.75,5,0
204,2001,Robert Horry,5,127,14,8,6,10,15,25,6,4,7,2,17,42,0.56,0.615,1.0,0.72,False,0.098,0.525,0.516,-1.75,5,0
205,2001,Horace Grant,5,124,10,0,6,12,16,28,3,2,7,2,9,26,0.294,0.0,0.75,0.294,False,-0.294,0.031,0.439,1.0,5,0
206,2001,Tyronn Lue,5,74,7,4,0,1,3,4,7,7,1,5,7,18,0.583,0.667,0.0,0.75,False,-0.083,-0.111,0.697,-4.5,5,0
207,2001,Brian Shaw,5,93,6,3,3,3,13,16,14,4,0,7,12,18,0.3,0.3,0.6,0.375,False,0.187,-0.433,0.751,-2.0,5,0
208,2000,Shaquille O'Neal,6,274,96,0,36,34,66,100,14,6,16,13,20,228,0.611,0.0,0.387,0.611,True,0.073,-0.023,0.103,3.6,6,0
209,2000,Kobe Bryant,5,176,33,2,10,6,17,23,21,5,7,6,18,78,0.367,0.2,0.909,0.378,False,-0.178,0.229,0.722,13.0,6,1
210,2000,Glen Rice,6,193,22,12,13,1,14,15,10,5,1,9,14,69,0.4,0.632,0.65,0.509,False,-0.08,0.141,0.555,5.4,6,0
211,2000,Ron Harper,6,185,26,6,7,4,16,20,29,8,1,12,14,65,0.464,0.4,0.7,0.518,False,-0.063,0.029,0.573,-5.8,6,0
212,2000,Robert Horry,6,182,22,3,8,8,23,31,17,5,6,9,28,55,0.512,0.2,0.727,0.547,False,-0.014,0.025,0.444,-1.4,6,0
213,2000,Rick Fox,6,104,11,5,13,3,7,10,6,3,0,4,20,40,0.611,0.625,0.867,0.75,False,0.333,0.208,0.49,0.4,6,0
214,2000,Derek Fisher,6,112,12,7,5,2,4,6,23,5,0,3,13,36,0.429,0.583,0.833,0.554,False,-0.016,0.312,0.435,0.0,6,0
215,2000,A.C. Green,6,103,12,0,6,9,11,20,3,1,0,2,11,30,0.571,0.0,0.857,0.571,False,0.0,-0.134,0.253,1.2,6,0
216,1999,Tim Duncan,5,228,51,0,35,14,56,70,12,5,11,17,12,137,0.537,0.0,0.795,0.537,True,-0.173,0.044,0.187,4.5,5,0
217,1999,David Robinson,5,186,25,0,33,14,45,59,12,5,15,8,16,83,0.424,0.0,0.688,0.424,False,0.076,-0.096,0.291,-2.0,5,0
218,1999,Mario Elie,5,175,17,4,20,2,18,20,13,6,0,8,14,58,0.447,0.308,0.87,0.5,False,-0.091,0.099,0.416,-2.0,5,0
219,1999,Avery Johnson,5,196,20,0,6,2,11,13,36,3,0,20,11,46,0.5,0.0,0.6,0.5,False,-0.3,-0.072,0.33,-1.5,5,0
220,1999,Sean Elliott,5,182,14,5,7,4,11,15,15,4,1,6,14,40,0.333,0.278,0.636,0.393,False,-0.075,0.005,0.552,-7.5,5,0
221,1999,Jaren Jackson,5,96,12,9,0,1,6,7,5,5,0,9,13,33,0.324,0.375,0.0,0.446,False,0.221,0.485,1.085,5.5,5,0
222,1999,Antonio Daniels,4,23,4,2,0,0,2,2,4,1,0,2,3,10,0.8,1.0,0.0,1.0,False,-1.0,-0.833,1.514,-3.333,5,1
223,1999,Steve Kerr,5,44,4,1,0,2,3,5,2,0,0,2,3,9,0.4,0.5,0.0,0.45,False,0.05,-0.292,1.139,-2.25,5,0
224,1998,Michael Jordan,6,250,70,4,57,9,15,24,14,11,4,10,13,201,0.427,0.308,0.814,0.439,True,-0.064,0.045,0.218,13.8,6,0
225,1998,Scottie Pippen,6,237,34,6,20,17,24,41,29,10,5,16,17,94,0.41,0.231,0.833,0.446,False,-0.1,0.302,0.566,-9.2,6,0
226,1998,Toni Kukoč,6,222,38,7,8,10,18,28,16,7,4,10,14,91,0.5,0.304,0.615,0.546,False,-0.046,-0.229,0.523,-0.2,6,0
227,1998,Ron Harper,6,173,12,1,7,3,24,27,17,9,4,7,13,32,0.364,0.167,0.583,0.379,False,0.621,0.041,0.438,3.2,6,0
228,1998,Luc Longley,6,131,12,0,6,11,18,29,9,5,5,11,25,30,0.444,0.0,0.75,0.444,False,-0.015,-0.05,0.748,-6.0,6,0
229,1998,Steve Kerr,6,125,7,5,4,1,1,2,15,2,0,3,8,23,0.35,0.385,1.0,0.475,False,0.275,-0.368,0.815,-4.6,6,0
230,1998,Scott Burrell,6,83,9,1,2,0,15,15,0,7,1,3,7,21,0.409,0.25,0.667,0.432,False,0.124,0.136,1.08,-4.2,6,0
231,1998,Dennis Rodman,6,182,6,0,8,20,30,50,6,7,2,6,23,20,0.462,0.0,0.667,0.462,False,0.205,0.167,0.797,4.4,6,0
232,1997,Michael Jordan,6,256,72,8,42,9,33,42,36,7,5,13,14,194,0.456,0.32,0.764,0.481,True,0.048,0.046,0.222,8.0,6,0
233,1997,Scottie Pippen,6,256,40,12,28,12,38,50,21,10,11,21,17,120,0.421,0.375,0.778,0.484,False,0.036,-0.197,0.341,3.6,6,0
234,1997,Toni Kukoč,6,139,15,10,8,2,17,19,16,1,3,5,8,48,0.405,0.556,0.8,0.541,False,-0.124,0.068,0.158,1.2,6,0
235,1997,Bison Dele,6,121,17,0,7,6,14,20,5,6,1,5,19,41,0.472,0.0,0.538,0.472,False,-0.272,-0.278,0.82,-3.4,6,0
236,1997,Luc Longley,6,132,20,0,1,11,12,23,7,4,3,11,16,41,0.606,0.0,0.2,0.606,False,-0.006,-0.045,0.657,-8.2,6,0
237,1997,Ron Harper,6,162,11,3,4,8,19,27,14,6,6,2,16,29,0.344,0.273,0.667,0.391,False,-0.034,0.188,0.862,-3.4,6,0
238,1997,Steve Kerr,6,117,9,4,4,1,4,5,6,4,1,2,10,26,0.36,0.25,1.0,0.44,False,0.01,0.055,0.953,5.6,6,0
239,1997,Dennis Rodman,6,163,5,1,3,10,36,46,9,4,1,6,21,14,0.25,0.167,0.375,0.275,False,0.475,0.367,1.171,-1.6,6,0
240,1996,Michael Jordan,6,252,51,6,56,10,22,32,25,10,1,18,17,164,0.415,0.316,0.836,0.439,True,0.0,0.036,0.185,-6.4,6,0
241,1996,Scottie Pippen,6,248,34,9,17,20,29,49,32,14,8,11,22,94,0.343,0.231,0.708,0.389,False,0.0,0.19,0.312,1.6,6,0
242,1996,Toni Kukoč,6,177,30,10,8,12,17,29,21,5,2,11,14,78,0.423,0.313,0.8,0.493,False,0.0,-0.042,0.228,-3.6,6,0
243,1996,Luc Longley,6,170,27,0,16,8,15,23,13,3,11,15,23,70,0.574,0.0,0.727,0.574,False,0.0,-0.199,0.475,0.4,6,0
244,1996,Dennis Rodman,6,225,17,0,11,41,47,88,15,5,1,11,28,45,0.486,0.0,0.579,0.486,False,0.0,-0.087,0.249,1.8,6,0
245,1996,Ron Harper,6,116,12,4,11,4,9,13,10,4,2,3,8,39,0.375,0.308,0.917,0.438,False,0.0,0.115,1.019,4.2,6,0
246,1996,Steve Kerr,6,113,10,4,6,2,3,5,5,1,0,4,8,30,0.303,0.182,0.857,0.364,False,0.0,0.135,0.607,2.4,6,0
247,1996,Randy Brown,6,49,6,3,2,1,1,2,5,4,0,3,10,17,0.5,0.5,0.5,0.625,False,0.0,0.129,1.347,-3.4,6,0
248,1995,Hakeem Olajuwon,4,179,56,1,18,11,35,46,22,8,8,11,18,131,0.483,1.0,0.692,0.487,True,0.0,0.0,0.063,3.0,4,0
249,1995,Clyde Drexler,4,162,27,2,30,13,25,38,27,4,1,6,14,86,0.45,0.154,0.789,0.467,False,0.0,0.0,0.206,-8.667,4,0
250,1995,Robert Horry,4,187,23,11,14,9,31,40,15,12,9,5,9,71,0.434,0.379,0.667,0.538,False,0.0,0.0,0.258,4.333,4,0
251,1995,Mario Elie,4,161,24,8,9,4,13,17,13,8,0,7,9,65,0.649,0.571,0.9,0.757,False,0.0,0.0,0.364,7.667,4,0
252,1995,Sam Cassell,4,93,15,7,20,1,6,7,12,7,0,6,9,57,0.429,0.467,0.833,0.529,False,0.0,0.0,0.825,-1.667,4,0
253,1995,Kenny Smith,4,105,11,8,0,2,5,7,16,1,0,2,7,30,0.379,0.421,0.0,0.517,False,0.0,0.0,1.405,-3.333,4,0
254,1995,Chucky Brown,4,38,5,0,2,3,8,11,0,0,2,1,2,12,0.455,0.0,1.0,0.455,False,0.0,0.0,1.155,-4.0,4,0
255,1995,Charles Jones,4,57,1,0,2,1,6,7,0,0,0,1,15,4,0.5,0.0,1.0,0.5,False,0.0,0.0,1.155,1.333,4,0
256,1994,Hakeem Olajuwon,7,302,75,1,37,13,51,64,25,11,27,25,26,188,0.5,1.0,0.86,0.503,True,0.0,-0.146,0.135,-2.167,7,0
257,1994,Vernon Maxwell,7,264,35,9,15,3,20,23,20,4,0,21,12,94,0.365,0.225,0.682,0.411,False,0.0,-0.069,0.374,8.833,7,0
258,1994,Robert Horry,7,265,24,11,13,13,30,43,26,9,4,10,24,72,0.324,0.306,0.619,0.399,False,0.0,0.106,0.285,-2.667,7,0
259,1994,Sam Cassell,7,158,19,7,25,6,16,22,20,9,2,18,22,70,0.422,0.438,0.926,0.5,False,0.0,0.357,0.306,3.5,7,0
260,1994,Otis Thorpe,7,277,27,0,11,23,56,79,23,6,0,8,23,65,0.519,0.0,0.5,0.519,False,0.0,0.005,0.429,-3.833,7,0
261,1994,Carl Herrera,7,121,22,0,6,8,17,25,3,3,1,6,21,50,0.579,0.0,0.75,0.579,False,0.0,-0.006,0.539,-1.333,7,0
262,1994,Kenny Smith,7,178,14,5,6,2,8,10,22,5,0,14,8,39,0.389,0.357,1.0,0.458,False,0.0,0.25,0.739,6.333,7,0
263,1994,Mario Elie,7,79,5,2,5,3,4,7,7,2,1,5,7,17,0.25,0.4,0.833,0.3,False,0.0,0.242,1.059,-2.833,7,0
264,1993,Michael Jordan,6,274,101,10,34,15,36,51,38,10,4,16,20,246,0.508,0.4,0.694,0.533,True,0.0,0.018,0.21,-9.6,6,0
265,1993,Scottie Pippen,6,266,54,0,19,16,39,55,46,12,6,26,19,127,0.439,0.0,0.543,0.439,False,0.0,0.136,0.259,2.2,6,0
266,1993,B.J. Armstrong,6,251,32,10,7,2,9,11,30,5,1,5,21,81,0.508,0.526,1.0,0.587,False,0.0,0.045,0.421,5.4,6,0
267,1993,Horace Grant,6,233,28,0,11,25,37,62,14,9,9,5,24,67,0.528,0.0,0.579,0.528,False,0.0,0.179,0.81,-12.2,6,0
268,1993,John Paxson,6,96,13,9,0,4,5,9,5,3,1,1,10,35,0.619,0.643,0.0,0.833,False,0.0,-0.467,0.654,2.6,6,0
269,1993,Scott Williams,6,159,13,0,2,12,26,38,10,3,9,8,19,28,0.406,0.0,0.286,0.406,False,0.0,0.117,0.501,0.4,6,0
270,1993,Bill Cartwright,6,128,12,0,2,7,12,19,10,3,1,2,15,26,0.4,0.0,0.5,0.4,False,0.0,0.134,0.754,-2.8,6,0
271,1993,Trent Tucker,6,41,7,3,0,1,1,2,4,1,0,1,5,17,0.7,0.6,0.0,0.85,False,0.0,-0.69,1.29,7.4,6,0
272,1992,Michael Jordan,6,254,81,12,41,6,23,29,39,10,2,24,21,215,0.526,0.429,0.891,0.565,True,0.0,0.132,0.194,-3.4,6,0
273,1992,Scottie Pippen,6,244,45,2,33,17,33,50,46,9,4,23,21,125,0.484,0.222,0.786,0.495,False,0.0,0.087,0.207,6.2,6,0
274,1992,John Paxson,6,185,26,7,3,0,5,5,16,8,0,6,15,62,0.52,0.389,0.75,0.59,False,0.0,0.032,0.409,3.2,6,0
275,1992,Horace Grant,6,227,23,0,9,7,40,47,24,5,14,5,20,55,0.561,0.0,0.529,0.561,False,0.0,0.1,0.587,-8.6,6,0
276,1992,Bill Cartwright,6,151,16,0,6,7,17,24,9,3,1,12,21,38,0.5,0.0,0.5,0.5,False,0.0,-0.267,0.408,-2.8,6,0
277,1992,B.J. Armstrong,6,107,15,1,4,1,4,5,14,2,0,9,12,35,0.429,0.25,0.571,0.443,False,0.0,0.088,0.636,0.2,6,0
278,1992,Scott Williams,6,128,13,0,7,12,25,37,6,1,8,4,21,33,0.542,0.0,0.778,0.542,False,0.0,0.05,0.658,-1.8,6,0
279,1992,Cliff Levingston,6,65,9,0,5,6,7,13,4,1,1,1,7,23,0.45,0.0,0.5,0.45,False,0.0,0.3,0.925,-3.4,6,0
280,1991,Michael Jordan,5,220,63,2,28,8,25,33,57,14,7,18,18,156,0.558,0.5,0.848,0.566,True,0.0,-0.048,0.105,-1.5,5,0
281,1991,Scottie Pippen,5,218,39,1,25,15,32,47,33,12,5,20,22,104,0.453,0.2,0.862,0.459,False,0.0,0.117,0.321,14.0,5,0
282,1991,Horace Grant,5,198,32,0,9,14,25,39,8,8,3,9,9,73,0.627,0.0,0.75,0.627,False,0.0,0.299,0.448,-4.5,5,0
283,1991,John Paxson,5,159,32,1,2,2,8,10,17,5,0,2,9,67,0.653,0.25,1.0,0.663,False,0.0,0.273,0.407,8.25,5,0
284,1991,Bill Cartwright,5,160,20,0,4,5,20,25,12,3,3,6,14,44,0.435,0.0,0.667,0.435,False,0.0,0.072,0.345,-1.0,5,0
285,1991,Craig Hodges,5,53,9,1,0,0,3,3,1,0,0,2,4,19,0.391,0.167,0.0,0.413,False,0.0,0.017,0.471,1.5,5,0
286,1991,Cliff Levingston,5,90,8,0,0,5,9,14,3,5,5,1,12,16,0.615,0.0,0.0,0.615,False,0.0,0.136,1.296,-4.0,5,0
287,1991,B.J. Armstrong,5,37,5,0,0,1,2,3,4,2,0,1,2,10,0.455,0.0,0.0,0.455,False,0.0,-0.267,1.225,0.0,5,0
288,1990,Isiah Thomas,5,192,52,11,23,8,18,26,35,8,2,25,19,138,0.542,0.688,0.742,0.599,True,0.0,0.157,0.194,1.75,5,0
289,1990,Joe Dumars,5,210,34,2,33,5,9,14,28,4,0,18,11,103,0.415,0.286,0.892,0.427,False,0.0,-0.137,0.463,-15.75,5,0
290,1990,James Edwards,5,138,29,0,14,8,11,19,4,2,3,5,20,72,0.446,0.0,0.56,0.446,False,0.0,-0.117,0.465,-1.75,5,0
291,1990,Bill Laimbeer,5,191,24,8,10,12,55,67,12,7,3,1,25,66,0.444,0.364,1.0,0.519,False,0.0,-0.305,0.57,-9.0,5,0
292,1990,Vinnie Johnson,5,113,25,0,11,7,3,10,6,1,3,8,11,61,0.543,0.0,0.786,0.543,False,0.0,0.321,0.778,4.75,5,0
293,1990,Mark Aguirre,5,120,15,4,14,6,12,18,4,2,0,6,12,48,0.333,0.5,0.667,0.378,False,0.0,0.195,0.592,0.5,5,0
294,1990,John Salley,5,143,12,0,9,18,14,32,2,1,12,4,18,33,0.375,0.0,0.692,0.375,False,0.0,0.046,0.365,1.75,5,0
295,1990,Dennis Rodman,4,79,4,0,1,6,16,22,3,2,2,6,13,9,0.444,0.0,0.25,0.444,False,0.0,0.5,1.169,-0.333,5,1
296,1989,Joe Dumars,4,147,38,0,33,1,6,7,24,2,1,7,4,109,0.576,0.0,0.868,0.576,True,0.0,0.0,0.204,-5.667,4,0
297,1989,Isiah Thomas,4,141,32,2,19,2,8,10,29,6,1,10,13,85,0.485,0.333,0.76,0.5,False,0.0,0.0,0.247,-9.667,4,0
298,1989,Vinnie Johnson,4,95,30,1,7,3,10,13,11,0,1,2,9,68,0.6,0.2,0.636,0.61,False,0.0,0.0,0.127,-4.0,4,0
299,1989,James Edwards,4,97,12,0,12,6,8,14,3,0,3,3,16,36,0.444,0.0,0.75,0.444,False,0.0,0.0,0.743,5.333,4,0
300,1989,Bill Laimbeer,4,94,12,2,6,3,18,21,9,2,0,3,15,32,0.545,0.667,0.857,0.591,False,0.0,0.0,0.791,10.667,4,0
301,1989,Mark Aguirre,4,107,12,0,6,9,15,24,6,2,0,8,13,30,0.364,0.0,0.75,0.364,False,0.0,0.0,0.854,-7.333,4,0
302,1989,John Salley,4,81,13,0,4,2,8,10,5,1,11,2,14,30,0.684,0.0,0.571,0.684,False,0.0,0.0,0.231,0.667,4,0
303,1989,Rick Mahorn,4,98,10,0,4,6,15,21,4,1,3,1,17,24,0.556,0.0,0.667,0.556,False,0.0,0.0,0.871,9.333,4,0
304,1988,James Worthy,7,266,59,0,36,19,33,52,31,5,4,18,18,154,0.492,0.0,0.735,0.492,True,0.0,0.164,0.435,16.333,7,0
305,1988,Magic Johnson,7,290,44,2,58,6,34,40,91,14,1,19,23,148,0.55,0.333,0.866,0.562,False,0.0,0.097,0.2,-2.5,7,0
306,1988,Byron Scott,7,281,50,5,27,8,26,34,14,7,3,15,21,132,0.476,0.455,0.771,0.5,False,0.0,0.171,0.244,2.5,7,0
307,1988,Kareem Abdul-Jabbar,7,207,36,0,20,8,21,29,7,4,8,14,22,92,0.414,0.0,0.714,0.414,False,0.0,-0.128,0.521,-10.667,7,0
308,1988,A.C. Green,7,242,24,0,22,16,45,61,4,3,0,9,22,70,0.558,0.0,0.733,0.558,False,0.0,0.144,0.56,-7.0,7,0
309,1988,Mychal Thompson,7,151,21,0,7,9,16,25,2,0,3,10,15,49,0.5,0.0,0.412,0.5,False,0.0,-0.148,0.634,5.833,7,0
310,1988,Michael Cooper,7,176,9,3,5,3,8,11,15,6,2,4,22,26,0.205,0.15,0.625,0.239,False,0.0,0.293,1.107,9.667,7,0
311,1988,Tony Campbell,2,14,2,0,4,1,0,1,1,0,0,1,4,8,0.667,0.0,1.0,0.667,False,0.0,0.0,0.707,0.0,7,5
312,1987,Magic Johnson,6,236,66,1,24,12,36,48,78,14,2,13,10,157,0.541,0.5,0.96,0.545,True,0.0,-0.122,0.229,-12.2,6,0
313,1987,Kareem Abdul-Jabbar,6,203,50,0,30,15,29,44,5,3,15,10,19,130,0.51,0.0,0.667,0.51,False,0.0,0.082,0.321,12.4,6,0
314,1987,James Worthy,6,238,57,0,10,12,20,32,24,10,5,12,15,124,0.523,0.0,0.526,0.523,False,0.0,0.301,0.371,1.6,6,0
315,1987,Michael Cooper,6,179,27,14,4,1,13,14,28,10,2,13,16,72,0.54,0.609,1.0,0.68,False,0.0,-0.219,0.438,-7.2,6,0
316,1987,Byron Scott,6,181,30,1,10,7,11,18,14,3,1,6,19,71,0.484,0.083,0.909,0.492,False,0.0,0.292,0.685,-4.6,6,0
317,1987,Mychal Thompson,6,171,23,0,21,9,22,31,4,5,7,3,21,67,0.561,0.0,0.778,0.561,False,0.0,-0.079,0.55,4.6,6,0
318,1987,A.C. Green,6,144,20,0,7,15,16,31,1,2,2,4,17,47,0.5,0.0,0.7,0.5,False,0.0,0.057,0.46,-2.2,6,0
319,1987,Kurt Rambis,6,56,3,0,5,4,11,15,3,0,0,2,14,11,0.429,0.0,0.833,0.429,False,0.0,-0.1,1.705,-1.0,6,0
320,1986,Kevin McHale,6,241,59,0,37,22,29,51,10,5,15,20,20,155,0.573,0.0,0.804,0.573,False,0.0,0.003,0.203,3.8,6,0
321,1986,Larry Bird,6,269,53,7,31,10,48,58,57,16,2,16,17,144,0.482,0.368,0.939,0.514,True,0.0,0.14,0.222,6.0,6,0
322,1986,Dennis Johnson,6,257,34,2,32,11,26,37,32,12,2,19,15,102,0.42,0.286,0.821,0.432,False,0.0,0.083,0.268,-8.4,6,0
323,1986,Danny Ainge,6,213,35,3,14,5,16,21,33,15,1,14,23,87,0.556,0.5,0.824,0.579,False,0.0,0.08,0.272,5.4,6,0
324,1986,Robert Parish,6,191,33,0,10,16,25,41,6,3,13,14,9,76,0.418,0.0,0.5,0.418,False,0.0,0.344,0.627,-2.0,6,0
325,1986,Bill Walton,6,117,23,0,2,13,27,40,10,3,4,6,17,48,0.622,0.0,0.5,0.622,False,0.0,0.26,0.418,2.4,6,0
326,1986,Jerry Sichting,6,85,9,0,0,1,4,5,10,0,0,2,6,18,0.45,0.0,0.0,0.45,False,0.0,0.067,1.317,-3.6,6,0
327,1986,Rick Carlisle,3,8,3,0,0,0,0,0,3,0,0,0,1,6,1.0,0.0,0.0,1.0,False,0.0,0.0,1.0,3.0,6,3
328,1985,Kareem Abdul-Jabbar,6,213,67,0,20,17,37,54,31,6,9,17,27,154,0.604,0.0,0.769,0.604,True,0.0,0.049,0.324,4.0,6,0
329,1985,James Worthy,6,234,57,0,28,10,17,27,19,3,3,8,14,142,0.564,0.0,0.7,0.564,False,0.0,0.163,0.308,5.2,6,0
330,1985,Magic Johnson,6,235,41,1,27,3,38,41,84,13,0,20,16,110,0.494,0.5,0.871,0.5,False,0.0,0.0,0.246,-5.2,6,0
331,1985,Byron Scott,6,208,30,2,5,6,16,22,13,15,1,8,14,67,0.395,0.286,0.556,0.408,False,0.0,0.008,0.369,3.4,6,0
332,1985,Michael Cooper,6,153,20,2,19,0,12,12,22,7,2,2,16,61,0.588,0.286,0.905,0.618,False,0.0,0.308,0.604,-1.4,6,0
333,1985,Bob McAdoo,6,117,22,0,5,3,15,18,5,0,3,10,22,49,0.379,0.0,0.714,0.379,False,0.0,-0.107,0.857,-7.4,6,0
334,1985,Kurt Rambis,6,132,19,0,7,16,35,51,5,8,3,5,14,45,0.5,0.0,0.538,0.5,False,0.0,-0.226,0.402,1.8,6,0
335,1985,Mitch Kupchak,6,87,11,0,9,6,14,20,4,1,1,0,19,31,0.55,0.0,0.643,0.55,False,0.0,-0.167,0.376,1.0,6,0
336,1984,Larry Bird,7,305,62,4,64,26,72,98,25,15,8,25,24,192,0.484,0.667,0.842,0.5,True,0.0,-0.087,0.163,-8.667,7,0
337,1984,Dennis Johnson,7,255,45,1,32,9,12,21,33,11,2,18,25,123,0.395,0.5,0.865,0.399,False,0.0,0.059,0.426,5.167,7,0
338,1984,Robert Parish,7,256,44,0,20,30,50,80,9,11,11,14,32,108,0.44,0.0,0.588,0.44,False,0.0,0.017,0.328,-1.667,7,0
339,1984,Kevin McHale,7,214,33,0,28,17,24,41,8,2,8,13,24,94,0.452,0.0,0.778,0.452,False,0.0,-0.045,0.484,-4.0,7,0
340,1984,Cedric Maxwell,7,242,22,0,47,16,23,39,23,8,2,14,24,91,0.458,0.0,0.855,0.458,False,0.0,0.052,0.444,12.833,7,0
341,1984,Gerald Henderson,7,179,37,0,12,10,8,18,28,10,0,14,18,86,0.468,0.0,0.667,0.468,False,0.0,-0.061,0.462,-3.833,7,0
342,1984,Danny Ainge,7,98,19,1,3,2,6,8,15,5,0,5,16,42,0.432,0.25,0.5,0.443,False,0.0,0.348,0.739,4.667,7,0
343,1984,Scott Wedman,4,73,17,3,0,12,9,21,10,0,0,6,6,37,0.459,0.5,0.0,0.5,False,0.0,0.058,0.54,0.0,7,3
344,1983,Moses Malone,4,157,36,0,31,27,45,72,8,6,6,11,15,103,0.507,0.0,0.66,0.507,True,0.0,0.0,0.08,-2.333,4,0
345,1983,Andrew Toney,4,147,30,0,28,6,3,9,23,5,1,18,11,88,0.423,0.0,0.848,0.423,False,0.0,0.0,0.117,1.333,4,0
346,1983,Julius Erving,4,153,30,0,16,9,25,34,20,5,11,9,11,76,0.469,0.0,0.8,0.469,False,0.0,0.0,0.177,2.667,4,0
347,1983,Maurice Cheeks,4,143,26,0,9,3,6,9,25,11,0,11,10,61,0.553,0.0,0.6,0.553,False,0.0,0.0,0.327,6.333,4,0
348,1983,Bobby Jones,4,107,21,0,6,9,10,19,11,8,9,8,9,48,0.568,0.0,0.667,0.568,False,0.0,0.0,0.466,1.333,4,0
349,1983,Clint Richardson,4,92,11,0,3,5,8,13,7,5,1,4,9,25,0.393,0.0,0.75,0.393,False,0.0,0.0,0.981,-0.333,4,0
350,1983,Marc Iavaroni,4,99,10,0,3,7,15,22,8,1,3,5,15,23,0.588,0.0,0.375,0.588,False,0.0,0.0,0.411,-2.333,4,0
351,1983,Clemon Johnson,3,38,5,0,0,5,4,9,1,1,1,1,6,10,0.385,0.0,0.0,0.385,False,0.0,0.0,0.346,1.0,4,1
352,1982,Jamaal Wilkes,6,234,50,0,18,19,16,35,17,9,0,19,21,118,0.435,0.0,0.75,0.435,False,0.0,0.109,0.311,8.8,6,0
353,1982,Kareem Abdul-Jabbar,6,212,43,0,22,13,33,46,23,8,19,16,21,108,0.531,0.0,0.537,0.531,False,0.0,0.041,0.363,0.0,6,0
354,1982,Norm Nixon,6,236,45,0,16,10,12,22,60,10,1,15,20,106,0.441,0.0,0.727,0.441,False,0.0,0.114,0.479,-2.0,6,0
355,1982,Bob McAdoo,6,165,41,0,16,10,20,30,5,6,14,12,22,98,0.569,0.0,0.667,0.569,False,0.0,-0.169,0.247,-0.4,6,0
356,1982,Magic Johnson,6,250,32,0,33,20,45,65,48,15,2,26,23,97,0.533,0.0,0.846,0.533,True,0.0,0.16,0.376,-3.8,6,0
357,1982,Michael Cooper,6,162,32,1,15,9,19,28,22,8,2,14,20,80,0.561,0.5,0.75,0.57,False,0.0,-0.046,0.341,3.2,6,0
358,1982,Kurt Rambis,6,120,20,0,7,19,20,39,7,6,3,11,21,47,0.513,0.0,0.467,0.513,False,0.0,0.179,0.423,0.2,6,0
359,1982,Mike McGee,2,5,5,0,0,2,0,2,0,0,0,0,0,10,0.455,0.0,0.0,0.455,False,0.0,0.75,0.283,0.0,6,4
360,1981,Cedric Maxwell,6,227,42,0,22,34,23,57,17,1,6,19,21,106,0.568,0.0,0.759,0.568,True,0.0,0.032,0.47,1.6,6,0
361,1981,Larry Bird,6,257,39,1,13,16,76,92,42,14,3,19,16,92,0.419,0.333,0.813,0.425,False,0.0,0.066,0.484,14.0,6,0
362,1981,Robert Parish,6,167,39,0,12,16,30,46,6,7,12,19,27,90,0.506,0.0,0.632,0.506,False,0.0,0.041,0.267,3.6,6,0
363,1981,Chris Ford,6,184,27,2,7,7,9,16,15,4,0,8,11,63,0.5,0.2,0.778,0.519,False,0.0,0.071,0.421,0.6,6,0
364,1981,Tiny Archibald,6,203,24,0,14,1,6,7,33,4,0,16,11,62,0.364,0.0,0.875,0.364,False,0.0,-0.065,0.234,3.2,6,0
365,1981,Rick Robey,6,98,19,0,9,5,17,22,2,0,1,7,18,47,0.559,0.0,0.563,0.559,False,0.0,-0.087,0.494,-2.2,6,0
366,1981,Gerald Henderson,6,95,19,0,5,5,5,10,10,4,2,4,10,43,0.528,0.0,0.833,0.528,False,0.0,-0.124,0.697,-8.6,6,0
367,1981,M.L. Carr,6,110,17,0,6,5,5,10,6,4,4,3,10,40,0.459,0.0,0.75,0.459,False,0.0,-0.004,0.462,-0.8,6,0
368,1980,Kareem Abdul-Jabbar,5,203,73,0,21,16,52,68,16,3,23,21,20,167,0.549,0.0,0.808,0.549,False,0.0,0.056,0.197,0.0,6,1
369,1980,Magic Johnson,6,256,47,0,35,17,50,67,52,16,2,30,17,129,0.573,0.0,0.875,0.573,True,0.0,-0.149,0.531,24.6,6,0
370,1980,Jamaal Wilkes,6,252,57,0,14,25,21,46,19,5,1,13,23,128,0.467,0.0,0.824,0.467,False,0.0,0.008,0.375,18.8,6,0
371,1980,Norm Nixon,6,254,37,0,19,6,16,22,42,13,1,22,19,93,0.435,0.0,0.76,0.435,False,0.0,0.063,0.506,-13.8,6,0
372,1980,Michael Cooper,6,185,20,0,13,11,14,25,20,7,4,12,22,53,0.357,0.0,0.813,0.357,False,0.0,0.063,0.622,8.6,6,0
373,1980,Jim Chones,6,185,19,0,12,14,28,42,9,5,4,15,22,50,0.528,0.0,0.75,0.528,False,0.0,-0.377,0.513,3.2,6,0
374,1980,Mark Landsberger,6,86,12,0,1,14,23,37,1,3,2,5,21,25,0.387,0.0,0.5,0.387,False,0.0,0.185,0.864,1.0,6,0
375,1980,Brad Holland,3,13,4,0,2,0,1,1,1,3,0,1,3,10,0.667,0.0,1.0,0.667,False,0.0,0.0,1.249,7.0,6,3
376,1979,Gus Williams,5,183,57,0,31,10,8,18,18,5,3,15,8,145,0.5,0.0,0.633,0.5,False,0.0,-0.105,0.2,-7.5,5,0
377,1979,Dennis Johnson,5,224,45,0,23,9,21,30,30,9,11,15,19,113,0.459,0.0,0.719,0.459,True,0.0,0.006,0.251,-2.0,5,0
378,1979,Jack Sikma,5,220,35,0,9,12,62,74,10,6,16,12,20,79,0.515,0.0,0.643,0.515,False,0.0,0.108,0.277,-4.75,5,0
379,1979,John Johnson,5,196,22,0,14,13,29,42,35,6,0,14,14,58,0.423,0.0,0.7,0.423,False,0.0,0.051,0.359,-0.75,5,0
380,1979,Fred Brown,5,79,20,0,6,1,5,6,11,5,3,5,7,46,0.488,0.0,0.857,0.488,False,0.0,0.198,0.587,6.0,5,0
381,1979,Lonnie Shelton,5,147,21,0,3,13,18,31,9,7,3,11,25,45,0.389,0.0,0.5,0.389,False,0.0,0.107,0.333,6.25,5,0
382,1979,Paul Silas,5,133,7,0,2,6,17,23,5,0,3,4,19,16,0.467,0.0,0.5,0.467,False,0.0,0.167,0.867,-1.5,5,0
383,1979,Dennis Awtrey,4,12,1,0,0,0,1,1,0,0,0,0,3,2,0.5,0.0,0.0,0.5,False,0.0,0.0,2.0,-0.667,5,1
384,1978,Elvin Hayes,7,276,61,0,23,33,50,83,10,11,14,15,31,145,0.48,0.0,0.657,0.48,False,0.0,-0.034,0.263,-10.167,7,0
385,1978,Bob Dandridge,7,284,59,0,25,13,36,49,29,7,7,23,30,143,0.45,0.0,0.658,0.45,False,0.0,0.042,0.402,-1.667,7,0
386,1978,Kevin Grevey,7,173,35,0,21,10,12,22,11,1,3,12,24,91,0.372,0.0,0.724,0.372,False,0.0,-0.023,0.722,-8.167,7,0
387,1978,Tom Henderson,7,250,31,0,28,8,11,19,40,14,3,12,21,90,0.431,0.0,0.7,0.431,False,0.0,0.139,0.337,2.5,7,0
388,1978,Charles Johnson,7,156,34,0,7,9,9,18,18,11,0,8,14,75,0.395,0.0,0.7,0.395,False,0.0,0.091,0.543,9.667,7,0
389,1978,Mitch Kupchak,7,138,31,0,13,16,16,32,7,0,2,13,19,75,0.525,0.0,0.684,0.525,False,0.0,0.15,0.475,2.667,7,0
390,1978,Wes Unseld,7,270,26,0,11,25,57,82,27,4,1,7,25,63,0.52,0.0,0.55,0.52,True,0.0,-0.095,0.635,7.0,7,0
391,1978,Larry Wright,7,79,10,0,5,2,5,7,10,2,0,5,14,25,0.303,0.0,1.0,0.303,False,0.0,0.214,1.021,-1.833,7,0
392,1977,Maurice Lucas,6,213,43,0,32,15,49,64,21,11,4,0,27,118,0.439,0.0,0.711,0.439,False,0.0,0.011,0.259,-5.6,6,0
393,1977,Bill Walton,6,226,48,0,15,23,91,114,31,6,22,0,23,111,0.545,0.0,0.789,0.545,True,0.0,0.055,0.305,1.8,6,0
394,1977,Bob Gross,6,166,46,0,12,20,14,34,21,11,2,0,26,104,0.667,0.0,0.857,0.667,False,0.0,0.178,0.379,8.0,6,0
395,1977,Lionel Hollins,6,208,38,0,20,6,9,15,23,9,2,0,22,96,0.388,0.0,0.645,0.388,False,0.0,0.057,0.364,4.8,6,0
396,1977,Johnny Davis,6,196,24,0,16,7,13,20,30,11,0,0,18,64,0.429,0.0,0.8,0.429,False,0.0,0.13,0.422,2.8,6,0
397,1977,Lloyd Neal,6,96,15,0,10,11,25,36,10,1,3,0,15,40,0.5,0.0,0.714,0.5,False,0.0,0.12,0.62,-3.2,6,0
398,1977,Dave Twardzik,6,97,13,0,14,0,8,8,9,6,1,0,15,40,0.464,0.0,0.636,0.464,False,0.0,0.078,0.78,0.4,6,0
399,1977,Herm Gilliam,5,68,11,0,5,1,3,4,9,2,0,0,9,27,0.423,0.0,0.833,0.423,False,0.0,-0.012,1.294,0.0,6,1
400,1976,Jo Jo White,6,279,47,0,36,3,23,26,35,9,0,0,19,130,0.439,0.0,0.878,0.439,True,0.0,-0.007,0.359,-8.0,6,0
401,1976,Dave Cowens,6,254,50,0,23,26,72,98,20,7,2,0,28,123,0.521,0.0,0.719,0.521,False,0.0,-0.203,0.248,0.6,6,0
402,1976,John Havlicek,6,246,35,0,23,11,22,33,27,2,3,0,16,93,0.385,0.0,0.767,0.385,False,0.0,0.179,0.384,-6.6,6,0
403,1976,Charlie Scott,6,191,33,0,21,13,23,36,20,12,2,0,35,87,0.347,0.0,0.875,0.347,False,0.0,0.118,0.433,12.6,6,0
404,1976,Paul Silas,6,244,28,0,21,27,56,83,16,7,0,0,21,77,0.475,0.0,0.778,0.475,False,0.0,-0.077,0.293,-3.4,6,0
405,1976,Steve Kuberski,6,82,11,0,11,6,15,21,4,0,1,0,14,33,0.407,0.0,1.0,0.407,False,0.0,-0.055,0.606,-1.8,6,0
406,1976,Don Nelson,6,68,8,0,10,3,13,16,3,1,0,0,12,26,0.4,0.0,1.0,0.4,False,0.0,-0.283,0.986,-5.2,6,0
407,1976,Jim Ard,5,60,8,0,8,3,8,11,5,0,2,0,12,24,0.533,0.0,0.8,0.533,False,0.0,0.056,0.799,-6.0,6,1
408,1975,Rick Barry,4,172,44,0,30,4,12,16,20,14,3,0,12,118,0.444,0.0,0.938,0.444,True,0.0,0.0,0.3,-12.667,4,0
409,1975,Jamaal Wilkes,4,107,18,0,10,13,26,39,4,7,3,0,9,46,0.321,0.0,0.833,0.321,False,0.0,0.0,0.167,0.667,4,0
410,1975,Phil Smith,4,96,16,0,11,5,7,12,10,3,5,0,13,43,0.41,0.0,0.611,0.41,False,0.0,0.0,0.585,-6.333,4,0
411,1975,Derrek Dickey,4,74,17,0,1,4,19,23,3,2,0,0,12,35,0.739,0.0,1.0,0.739,False,0.0,0.0,0.47,-1.0,4,0
412,1975,Jeff Mullins,4,77,16,0,0,7,6,13,7,4,1,0,8,32,0.552,0.0,0.0,0.552,False,0.0,0.0,0.204,0.0,4,0
413,1975,Charles Johnson,4,98,14,0,2,3,14,17,8,5,1,0,10,30,0.341,0.0,0.5,0.341,False,0.0,0.0,0.71,-4.667,4,0
414,1975,Butch Beard,4,75,10,0,9,1,12,13,8,8,0,0,15,29,0.385,0.0,0.529,0.385,False,0.0,0.0,0.991,11.667,4,0
415,1975,Clifford Ray,4,119,13,0,2,15,25,40,12,5,6,0,11,28,0.619,0.0,0.25,0.619,False,0.0,0.0,0.728,6.667,4,0
416,1974,John Havlicek,7,330,72,0,41,11,43,54,33,13,0,0,22,185,0.429,0.0,0.872,0.429,True,0.0,-0.01,0.276,-12.167,7,0
417,1974,Dave Cowens,7,305,69,0,21,20,49,69,32,8,2,0,34,159,0.439,0.0,0.75,0.439,False,0.0,0.136,0.285,6.167,7,0
418,1974,Jo Jo White,7,318,53,0,10,10,17,27,49,11,0,0,14,116,0.461,0.0,0.625,0.461,False,0.0,0.095,0.319,-0.667,7,0
419,1974,Don Chaney,7,270,30,0,18,19,10,29,19,14,2,0,29,78,0.448,0.0,0.9,0.448,False,0.0,0.068,0.329,-6.0,7,0
420,1974,Paul Silas,7,245,16,0,15,18,49,67,22,8,1,0,12,47,0.356,0.0,0.833,0.356,False,0.0,0.099,0.575,8.5,7,0
421,1974,Don Nelson,7,135,16,0,5,4,27,31,9,1,0,0,14,37,0.457,0.0,0.455,0.457,False,0.0,0.017,0.739,0.833,7,0
422,1974,Paul Westphal,7,94,15,0,4,2,6,8,10,2,0,0,16,34,0.395,0.0,0.5,0.395,False,0.0,-0.457,1.232,8.333,7,0
423,1974,Hank Finkel,7,45,8,0,1,5,5,10,3,1,0,0,9,17,0.444,0.0,1.0,0.444,False,0.0,0.223,1.255,-2.833,7,0
424,1973,Bill Bradley,5,199,40,0,13,0,0,24,17,0,0,0,17,93,0.444,0.0,0.929,0.444,False,0.0,-0.104,0.379,1.75,5,0
425,1973,Walt Frazier,5,230,35,0,13,0,0,34,26,0,0,0,19,83,0.479,0.0,0.65,0.479,False,0.0,0.115,0.207,1.75,5,0
426,1973,Willis Reed,5,150,37,0,8,0,0,46,13,0,0,0,22,82,0.493,0.0,0.889,0.493,True,0.0,0.056,0.341,2.0,5,0
427,1973,Earl Monroe,5,160,34,0,12,0,0,14,21,0,0,0,13,80,0.531,0.0,0.667,0.531,False,0.0,-0.202,0.47,8.75,5,0
428,1973,Dave DeBusschere,5,177,33,0,12,0,0,58,10,0,0,0,21,78,0.44,0.0,0.8,0.44,False,0.0,-0.186,0.825,-17.0,5,0
429,1973,Phil Jackson,5,110,16,0,10,0,0,28,10,0,0,0,19,42,0.39,0.0,0.833,0.39,False,0.0,0.119,0.599,-3.0,5,0
430,1973,Jerry Lucas,5,92,17,0,4,0,0,23,14,0,0,0,14,38,0.405,0.0,0.8,0.405,False,0.0,-0.097,0.776,3.0,5,0
431,1973,Dean Meminger,5,77,2,0,1,0,0,5,7,0,0,0,8,5,0.5,0.0,0.333,0.5,False,0.0,0.667,2.236,5.0,5,0
432,1972,Gail Goodrich,5,198,46,0,36,0,0,13,13,0,0,0,19,128,0.469,0.0,0.878,0.469,False,0.0,0.136,0.155,-0.75,5,0
433,1972,Jerry West,5,206,38,0,23,0,0,20,44,0,0,0,12,99,0.325,0.0,0.793,0.325,False,0.0,0.143,0.322,4.0,5,0
434,1972,Wilt Chamberlain,5,236,39,0,19,0,0,116,13,0,0,0,18,97,0.6,0.0,0.543,0.6,True,0.0,0.175,0.353,5.75,5,0
435,1972,Jim McMillian,5,217,31,0,22,0,0,21,7,0,0,0,16,84,0.373,0.0,0.957,0.373,False,0.0,0.049,0.284,4.0,5,0
436,1972,Happy Hairston,5,201,27,0,17,0,0,73,7,0,0,0,14,71,0.466,0.0,0.773,0.466,False,0.0,-0.042,0.168,-1.5,5,0
437,1972,Pat Riley,5,81,9,0,7,0,0,9,4,0,0,0,14,25,0.273,0.0,0.7,0.273,False,0.0,0.165,0.4,2.5,5,0
438,1972,Leroy Ellis,5,51,7,0,1,0,0,21,5,0,0,0,5,15,0.583,0.0,0.5,0.583,False,0.0,-0.25,0.943,-3.75,5,0
439,1972,Flynn Robinson,2,17,3,0,1,0,0,3,1,0,0,0,3,7,0.375,0.0,1.0,0.375,False,0.0,-0.429,1.414,-7.0,5,3
440,1971,Kareem Abdul-Jabbar,4,168,46,0,16,0,0,74,11,0,0,0,12,108,0.605,0.0,0.762,0.605,True,0.0,0.0,0.121,0.0,4,0
441,1971,Oscar Robertson,4,164,34,0,26,0,0,20,38,0,0,0,15,94,0.523,0.0,0.813,0.523,False,0.0,0.0,0.189,8.667,4,0
442,1971,Bob Dandridge,4,157,35,0,11,0,0,39,13,0,0,0,13,81,0.522,0.0,0.688,0.522,False,0.0,0.0,0.316,1.0,4,0
443,1971,Jon McGlocklin,4,122,17,0,9,0,0,4,11,0,0,0,9,43,0.531,0.0,0.9,0.531,False,0.0,0.0,0.256,1.667,4,0
444,1971,Greg Smith,4,132,18,0,4,0,0,33,7,0,0,0,12,40,0.462,0.0,0.5,0.462,False,0.0,0.0,0.523,5.333,4,0
445,1971,Lucius Allen,4,88,10,0,10,0,0,11,7,0,0,0,8,30,0.385,0.0,0.909,0.385,False,0.0,0.0,0.336,-4.667,4,0
446,1971,Bob Boozer,4,77,8,0,6,0,0,19,3,0,0,0,12,22,0.444,0.0,0.857,0.444,False,0.0,0.0,0.603,-0.667,4,0
447,1971,McCoy McLemore,3,17,2,0,1,0,0,8,3,0,0,0,2,5,0.333,0.0,0.5,0.333,False,0.0,0.0,1.732,5.0,4,1
448,1970,Willis Reed,6,226,59,0,20,0,0,63,17,0,0,0,15,138,0.484,0.0,0.588,0.484,True,0.0,0.106,0.637,-22.8,7,1
449,1970,Dave DeBusschere,7,267,60,0,13,0,0,88,18,0,0,0,24,133,0.455,0.0,0.722,0.455,False,0.0,-0.079,0.206,-1.167,7,0
450,1970,Dick Barnett,7,284,52,0,26,0,0,16,30,0,0,0,31,130,0.448,0.0,0.813,0.448,False,0.0,-0.091,0.309,2.833,7,0
451,1970,Walt Frazier,7,302,46,0,31,0,0,54,73,0,0,0,21,123,0.541,0.0,0.775,0.541,False,0.0,0.166,0.543,21.5,7,0
452,1970,Bill Bradley,7,249,38,0,9,0,0,28,19,0,0,0,25,85,0.388,0.0,0.9,0.388,False,0.0,0.042,0.424,5.667,7,0
453,1970,Cazzie Russell,7,130,29,0,7,0,0,25,10,0,0,0,14,65,0.492,0.0,1.0,0.492,False,0.0,-0.225,0.948,-8.5,7,0
454,1970,Dave Stallworth,7,98,21,0,7,0,0,33,11,0,0,0,13,49,0.447,0.0,1.0,0.447,False,0.0,-0.081,0.675,-3.5,7,0
455,1970,Mike Riordan,7,91,12,0,6,0,0,13,10,0,0,0,14,30,0.387,0.0,0.857,0.387,False,0.0,0.402,1.564,0.833,7,0
456,1969,John Havlicek,7,336,74,0,50,0,0,77,31,0,0,0,25,198,0.457,0.0,0.847,0.457,False,0.0,-0.03,0.346,-2.667,7,0
457,1969,Sam Jones,7,211,56,0,19,0,0,25,16,0,0,0,23,131,0.471,0.0,0.826,0.471,False,0.0,0.019,0.303,6.167,7,0
458,1969,Larry Siegfried,7,181,36,0,26,0,0,18,20,0,0,0,30,98,0.391,0.0,0.897,0.391,False,0.0,-0.023,0.645,-8.167,7,0
459,1969,Don Nelson,7,141,32,0,19,0,0,41,8,0,0,0,24,83,0.421,0.0,0.792,0.421,False,0.0,0.026,0.688,4.833,7,0
460,1969,Em Bryant,7,233,31,0,15,0,0,35,19,0,0,0,27,77,0.403,0.0,0.882,0.403,False,0.0,-0.05,0.647,10.5,7,0
461,1969,Bailey Howell,7,193,31,0,12,0,0,37,4,0,0,0,34,74,0.333,0.0,0.6,0.333,False,0.0,-0.087,0.408,-1.833,7,0
462,1969,Bill Russell,7,336,25,0,14,0,0,148,36,0,0,0,29,64,0.397,0.0,0.583,0.397,False,0.0,-0.234,0.386,-3.667,7,0
463,1969,Tom Sanders,5,39,6,0,2,0,0,6,1,0,0,0,13,14,0.462,0.0,1.0,0.462,False,0.0,-0.583,0.774,0.0,7,2
